Workbook

Sheet START HERE
A1: PROJECT 85 — CEO ATHLETE SYSTEM
A2: 26-Week Hybrid Performance Build • Barrie 'Bdog' Davies • Start Mon 22 Jun 2026
A4: MISSION
B5: Become a CEO-grade hybrid athlete: leaner, stronger, and more aerobically powerful. Drop to 85kg while building muscle and tendon density, lift a 275W FTP, and run a sub-27 5km — all on a travel-proof system that survives a full gym, a hotel gym, or no gym at all. Train daily with varying intensity, recover deliberately, and compound small wins across a 26-week build: six 4-week waves, then a taper and a test week to lock in the gains.
A8: BASELINE → TARGET
B9: Metric | C9: Baseline | D9: Target | E9: Window
B10: Body weight | C10: 100 kg | D10: 85 kg | E10: 26 weeks
B11: FTP (cycling) | C11: 215 W | D11: 275 W | E11: 26 weeks
B12: FTP / kg | C12: 2.15 W/kg | D12: 3.24 W/kg | E12: derived
B13: VO2 Max | C13: 41 | D13: 50+ | E13: 26 weeks
B14: 5 km run | C14: 32:00 | D14: 25:00 - 27:00 | E14: 26 weeks
B15: Bench press | C15: 105 kg | D15: Maintain 105 kg+ | E15: ongoing
B16: Back squat | C16: 140 kg | D16: Maintain 140 kg+ | E16: ongoing
A18: HOW TO USE THIS WORKBOOK
B19: 1. Open the Inputs sheet and confirm your baseline numbers and targets. Everything downstream reads from here.
B20: 2. Check the Executive Dashboard each Monday for your live KPIs and where you stand vs target.
B21: 3. Follow the Daily Plan — one row per day for 182 days (26 weeks). Each row tells you exactly what to train.
B22: 4. Log every session in the Daily Log: mark Completed (Yes / No / Partial / Travel Alt) and your RPE.
B23: 5. Travelling? Use the Travel Playbook and the Travel Alternative column for hotel-gym or no-gym swaps.
B24: 6. Every Sunday, fill the Weekly Coach Review to capture KPIs, compliance, and next-week adjustments.
B25: 7. Reference sheets (Workout Briefs, Cycling 80-20, Running 80-20, Hybrid, Exercise Library) explain the why.
B26: 8. Yellow cells are editable inputs. Coloured cells (intensity / compliance / recovery) are auto-formatted.
A28: STRUCTURE — 4-WEEK WAVE x6, THEN TAPER & TEST (26 WEEKS)
B29: Week | C29: Phase | D29: Strength | E29: Endurance | F29: RPE Cap
B30: Wk 1 (x6) | C30: Accumulation | D30: High volume base. Lock technique. 2-3 reps in reserve on all lifts. | E30: Build aerobic base. 80% easy Zone 2, 20% quality. | F30: RPE 7 (2-3 RIR)
B31: Wk 2 (x6) | C31: Progression | D31: Add one set, 1-2 reps, or small load wherever last week was completed. | E31: Extend easy volume; sharpen the 20% quality sessions. | F31: RPE 7-8 (2 RIR)
B32: Wk 3 (x6) | C32: Peak Volume | D32: Highest density / volume of the block. Cap effort at RPE 8. | E32: Peak endurance density; longest long ride & run of the block. | F32: RPE 8 (1-2 RIR)
B33: Wk 4 (x6) | C33: Deload | D33: Cut strength volume ~40%. Keep movement quality high. Recover tissue. | E33: Reduce endurance volume 40-50%. Short, sharp, fresh. | F33: RPE 5-6 (deload)
B34: Week 25 | C34: Taper | D34: Taper: cut strength volume ~30%, keep some intensity. Prime the nervous system; stay sharp & fresh. | E34: Sharpen: short race-pace touches, big drop in easy volume, full freshness for testing. | F34: RPE 6-7 (sharpen)
B35: Week 26 | C35: Test & Lock | D35: Test week: re-test bench & squat (heavy triples), minimal accessory volume. Confirm strength held. | E35: Test: 20-min FTP test, 5km time-trial, VO2 check. Minimal filler, maximal readiness. | F35: Test efforts (max)

Sheet Inputs
A1: INPUTS
A2: Edit the yellow cells. The whole workbook reads from here.
A4: ATHLETE
B5: Variable | C5: Value | E5: Note
B6: Athlete name | C6: Barrie 'Bdog' Davies | E6: Who we are building
B7: Program start (Monday) | C7: 46195 | E7: Day 1 of Week 1
B8: Program length (weeks) | C8: 26 | E8: 6 x 4-week waves + taper + test
B9: Training days / week | C9: 7 | E9: Daily varying intensity
A11: BASELINE & TARGETS
B12: Metric | C12: Baseline | D12: Target | E12: Note
B13: Body weight (kg) | C13: 100 | D13: 85 | E13: Fat loss + recomposition
B14: FTP (W) | C14: 215 | D14: 275 | E14: +60W across the build
B15: VO2 Max | C15: 41 | D15: 50 | E15: Target 50+
B16: 5km time (mm:ss) | C16: 32:00 | D16: 26:00 | E16: Target window 25-27 min
B17: Bench press (kg) | C17: 105 | D17: 110 | E17: Maintain 105kg+
B18: Back squat (kg) | C18: 140 | D18: 145 | E18: Maintain 140kg+
B19: Sleep target (h) | C19: 8 | D19: 8 | E19: Recovery anchor
B20: HRV baseline (ms) | C20: 65 | D20: 75 | E20: Trend, not absolute
A22: DERIVED (auto)
B23: Metric | C23: Baseline | D23: Target | E23: Note
B24: FTP / kg (W/kg) | C24: =C14/C13 | D24: =D14/D13 | E24: =FTP / body weight
B25: Total weight to lose (kg) | C25: =C13-D13 | D25: =ROUND((C13-D13)/24,2) | E25: Target ~per week (col D)

Sheet Executive Dashboard
A1: EXECUTIVE DASHBOARD
A2: Live KPIs. Weight, FTP/kg, compliance, sleep & HRV auto-pull from the Daily Log; yellow cells are manual. Targets pull from Inputs.
A4: PERFORMANCE KPIs
B5: KPI | C5: Baseline | D5: Current | E5: Target | F5: % to goal | G5: Status / Notes
B6: Body weight (kg) | C6: =Inputs!C13 | D6: =IFERROR(LOOKUP(2,1/('Daily Log'!H5:H186<>""),'Daily Log'!H5:H186),C6) | E6: =Inputs!D13 | F6: =IF(ISNUMBER(D6),IF((C6-E6)=0,1,MAX(0,MIN(1,(C6-D6)/(C6-E6)))),"") | G6: AUTO: latest weight from Daily Log
B7: FTP (W) | C7: =Inputs!C14 | E7: =Inputs!D14 | F7: =IF(ISNUMBER(D7),IF((E7-C7)=0,1,MAX(0,MIN(1,(D7-C7)/(E7-C7)))),"") | G7: Enter current value weekly
B8: FTP / kg (W/kg) | C8: =Inputs!C24 | D8: =IF(OR(D7="",D6=""),"",D7/D6) | E8: =Inputs!D24 | F8: =IF(ISNUMBER(D8),IF((E8-C8)=0,1,MAX(0,MIN(1,(D8-C8)/(E8-C8)))),"") | G8: AUTO: current FTP / current weight
B9: VO2 Max | C9: =Inputs!C15 | E9: =Inputs!D15 | F9: =IF(ISNUMBER(D9),IF((E9-C9)=0,1,MAX(0,MIN(1,(D9-C9)/(E9-C9)))),"") | G9: Enter current value weekly
B10: 5km time | C10: =Inputs!C16 | E10: =Inputs!D16 | F10: — | G10: Enter current value weekly
B11: Bench press (kg) | C11: =Inputs!C17 | E11: =Inputs!C17 | F11: =IF(ISNUMBER(D11),IF((E11-C11)=0,1,MAX(0,MIN(1,(D11-C11)/(E11-C11)))),"") | G11: Enter current value weekly
B12: Back squat (kg) | C12: =Inputs!C18 | E12: =Inputs!C18 | F12: =IF(ISNUMBER(D12),IF((E12-C12)=0,1,MAX(0,MIN(1,(D12-C12)/(E12-C12)))),"") | G12: Enter current value weekly
A14: RECOVERY & CONSISTENCY
B15: Metric | C15: Baseline | D15: Current | E15: Target | F15: Trend | G15: Guidance
B16: Compliance (%) | D16: =IFERROR((COUNTIF('Daily Log'!F5:F186,"Yes")+COUNTIF('Daily Log'!F5:F186,"Travel Alt"))/COUNTA('Daily Log'!F5:F186),"") | E16: 0.9 | G16: AUTO from Daily Log. Aim 90%+.
B17: Sleep (h/night) | D17: =IFERROR(AVERAGE('Daily Log'!I5:I186),"") | E17: =Inputs!D19 | G17: AUTO: avg logged sleep.
B18: HRV (ms) | C18: =Inputs!C20 | D18: =IFERROR(AVERAGE('Daily Log'!J5:J186),"") | E18: 75 | G18: AUTO: avg logged HRV (watch 7-day trend).
B19: Resting HR (bpm) | E19: 50 | G19: Should drift down as aerobic base builds.
B20: Recovery score (1-10) | E20: 8 | G20: <5 = swap to travel-alt or deload day.
A22: THIS WEEK
B23: Current week # | D23: =MEDIAN(1,26,INT((TODAY()-Inputs!C7)/7)+1) | E23: Phase | F23: =IF(D23="","",IF(D23>=26,"Test & Lock",IF(D23=25,"Taper",CHOOSE(MOD(D23-1,4)+1,"Accumulation","Progression","Peak Volume","Deload"))))
B24: Top focus this week | C24: e.g. Protect sleep, hit all Zone 2 watts, +1 set on bench

Sheet 26 Week Roadmap
A1: 26-WEEK ROADMAP
A2: One row per week. 6 blocks x 4-week wave (1-24) + Taper (25) + Test & Lock (26).
A4: Wk | B4: Block | C4: Phase | D4: Weight kg | E4: FTP W | F4: FTP/kg | G4: Strength Strategy | H4: Endurance Strategy | I4: Recovery Guidance
A5: 1 | B5: B1 | C5: Accumulation | D5: 100 | E5: 215 | F5: =E5/D5 | G5: High volume base. Lock technique. 2-3 reps in reserve on all lifts. | H5: Build aerobic base. 80% easy Zone 2, 20% quality. | I5: 8h sleep target. Daily mobility 10 min. Establish routine.
A6: 2 | B6: B1 | C6: Progression | D6: 99.3 | E6: 218 | F6: =E6/D6 | G6: Add one set, 1-2 reps, or small load wherever last week was completed. | H6: Extend easy volume; sharpen the 20% quality sessions. | I6: Monitor HRV trend. Add 5 min breathwork on hard days.
A7: 3 | B7: B1 | C7: Peak Volume | D7: 98.7 | E7: 220 | F7: =E7/D7 | G7: Highest density / volume of the block. Cap effort at RPE 8. | H7: Peak endurance density; longest long ride & run of the block. | I7: Protect sleep aggressively. Nap if HRV drops. Fuel hard sessions.
A8: 4 | B8: B1 | C8: Deload | D8: 98 | E8: 220 | F8: =E8/D8 | G8: Cut strength volume ~40%. Keep movement quality high. Recover tissue. | H8: Reduce endurance volume 40-50%. Short, sharp, fresh. | I8: Extra sleep, easy walks, massage/sauna. Re-test KPIs end of week.
A9: 5 | B9: B2 | C9: Accumulation | D9: 97.4 | E9: 225 | F9: =E9/D9 | G9: High volume base. Lock technique. 2-3 reps in reserve on all lifts. | H9: Build aerobic base. 80% easy Zone 2, 20% quality. | I9: 8h sleep target. Daily mobility 10 min. Establish routine.
A10: 6 | B10: B2 | C10: Progression | D10: 96.7 | E10: 228 | F10: =E10/D10 | G10: Add one set, 1-2 reps, or small load wherever last week was completed. | H10: Extend easy volume; sharpen the 20% quality sessions. | I10: Monitor HRV trend. Add 5 min breathwork on hard days.
A11: 7 | B11: B2 | C11: Peak Volume | D11: 96.1 | E11: 231 | F11: =E11/D11 | G11: Highest density / volume of the block. Cap effort at RPE 8. | H11: Peak endurance density; longest long ride & run of the block. | I11: Protect sleep aggressively. Nap if HRV drops. Fuel hard sessions.
A12: 8 | B12: B2 | C12: Deload | D12: 95.4 | E12: 230 | F12: =E12/D12 | G12: Cut strength volume ~40%. Keep movement quality high. Recover tissue. | H12: Reduce endurance volume 40-50%. Short, sharp, fresh. | I12: Extra sleep, easy walks, massage/sauna. Re-test KPIs end of week.
A13: 9 | B13: B3 | C13: Accumulation | D13: 94.8 | E13: 236 | F13: =E13/D13 | G13: High volume base. Lock technique. 2-3 reps in reserve on all lifts. | H13: Build aerobic base. 80% easy Zone 2, 20% quality. | I13: 8h sleep target. Daily mobility 10 min. Establish routine.
A14: 10 | B14: B3 | C14: Progression | D14: 94.1 | E14: 238 | F14: =E14/D14 | G14: Add one set, 1-2 reps, or small load wherever last week was completed. | H14: Extend easy volume; sharpen the 20% quality sessions. | I14: Monitor HRV trend. Add 5 min breathwork on hard days.
A15: 11 | B15: B3 | C15: Peak Volume | D15: 93.5 | E15: 241 | F15: =E15/D15 | G15: Highest density / volume of the block. Cap effort at RPE 8. | H15: Peak endurance density; longest long ride & run of the block. | I15: Protect sleep aggressively. Nap if HRV drops. Fuel hard sessions.
A16: 12 | B16: B3 | C16: Deload | D16: 92.8 | E16: 241 | F16: =E16/D16 | G16: Cut strength volume ~40%. Keep movement quality high. Recover tissue. | H16: Reduce endurance volume 40-50%. Short, sharp, fresh. | I16: Extra sleep, easy walks, massage/sauna. Re-test KPIs end of week.
... A30: 26 | B30: Finish | C30: Test & Lock | D30: 85 | E30: 275 | F30: =E30/D30 | G30: Test week: re-test bench & squat (heavy triples), minimal accessory volume. Confirm strength held. | H30: Test: 20-min FTP test, 5km time-trial, VO2 check. Minimal filler, maximal readiness. | I30: Full recovery between tests. Re-test all KPIs, log PBs, celebrate & plan the next block.

Sheet Daily Plan
A1: DAILY PLAN — 182 DAYS
A2: From Mon 22 Jun 2026 (26 weeks). One row per day. Log completion, RPE & notes on the right.
A4: Day | B4: Wk | C4: Date | D4: Weekday | E4: Strength Focus | F4: Workout | G4: Endurance / HIIT | H4: Intensity | I4: Mobility | J4: Mindfulness | K4: Travel Alternative | L4: Coach Brief | M4: Completed | N4: RPE | O4: Notes
A5: 1 | B5: 1 | C5: 46195 | D5: Monday | E5: Chest + Biceps | F5: Barbell bench press 4x6. Incline DB press, Weighted dip, Cable fly, EZ-bar curl, Incline DB curl, Cable curl 3x8-10. | G5: Zone 2 Cycle 40 min @ 120-161W | H5: Easy | I5: Thoracic opener + pec stretch, 10 min | J5: 5 min box breathing | K5: Hotel: DB press + DB curls. No gym: deep push-ups, band curls, slow tempo. | L5: Accumulation week. Bench 4x6 at RPE 7 (2-3 RIR); accessories 3x8-10. Cycle is true Zone 2 recovery — nose-breathing only.
A6: 2 | B6: 1 | C6: 46196 | D6: Tuesday | E6: Back + Triceps | F6: Weighted pull-up 4x6. Barbell row, Lat pulldown, Face pull, Close-grip bench, Rope pushdown, Overhead extension 3x8-10. | G6: VO2 Bike 5x3min @ 227-258W / 3min easy | H6: Hard | I6: Lat + lower-back decompression, 10 min | J6: 5 min gratitude journaling | K6: Hotel: DB row + bench dips. No gym: doorway rows, band pulldown, diamond push-ups. | L6: Accumulation. Pulls 4x6 at RPE 7 (2-3 RIR). Fully recover between VO2 reps so you hit the watts every interval.
A7: 3 | B7: 1 | C7: 46197 | D7: Wednesday | E7: Legs Volume | F7: Back squat 4x6. Leg press, Walking lunge, Leg curl, Calf raise 3x8-10. | G7: Easy Run 30 min conversational (Zone 2) | H7: Easy | I7: Hip flexor + ankle mobility, 10 min | J7: 5 min body scan | K7: Hotel: goblet squat + DB lunge. No gym: Bulgarian split squat, step-ups, tempo squats. | L7: Accumulation. Squat 4x6 at RPE 7 (2-3 RIR), accessories 3x8-10. Keep the run genuinely easy to aid leg recovery.
A8: 4 | B8: 1 | C8: 46198 | D8: Thursday | E8: Shoulders | F8: Overhead press 4x6. DB lateral raise, Rear-delt fly, Upright row, Shrug 3x8-10. | G8: Threshold Cycle 2x10min @ 195-225W | H8: Hard | I8: Shoulder CARs + band dislocates, 10 min | J8: 5 min focus meditation | K8: Hotel: DB press + raises. No gym: pike push-ups, band laterals, backpack press. | L8: Accumulation. OHP 4x6 at RPE 7 (2-3 RIR); strict laterals. Threshold should feel 'comfortably hard', short phrases only.
A9: 5 | B9: 1 | C9: 46199 | D9: Friday | E9: Chest + Back Density | F9: Bench / row superset 4x6. Incline press, Chest-supported row, Cable fly, Lat pulldown 3x8-10. | G9: Hybrid 3 rounds: 40m carry + 12 burpees + 20 lunges | H9: Moderate | I9: Full upper-body flush, 10 min | J9: 5 min intention setting | K9: Hotel: DB density supersets. No gym: push-up/row ladders + loaded carries with bags. | L9: Accumulation. Minimise rest, chase the pump at RPE 7 (2-3 RIR). Hybrid finisher: carries, burpees, lunges — no rower.
A10: 6 | B10: 1 | C10: 46200 | D10: Saturday | E10: Legs + Posterior Chain | F10: Deadlift / RDL 4x6. Front squat, Hip thrust, Nordic curl, Back extension 3x8-10. | G10: Long Ride 1h30 Zone 2 @ 120-161W | H10: Long | I10: Hamstring + glute release, 12 min | J10: 10 min outdoor mindfulness | K10: Hotel: DB RDL + hip thrust. No gym: single-leg RDL, hip bridges, long Zone 2 ride/run. | L10: Accumulation. Heavy posterior chain 4x6 at RPE 7 (2-3 RIR). Fuel the long ride hourly to protect fat loss & recovery.
A11: 7 | B11: 1 | C11: 46201 | D11: Sunday | E11: Arms + Core | F11: Barbell curl 4x6. Hammer curl, Skullcrusher, Rope pushdown, Hanging leg raise, Plank, Pallof press 3x8-10. | G11: Long Run 45 min easy (Zone 2) | H11: Long | I11: Spine + hip flow, 12 min | J11: 10 min reflection / week review | K11: Hotel: DB arms + core circuit. No gym: band curls, dips, planks, long easy run. | L11: Accumulation. Arms & core at RPE 7 (2-3 RIR). Long run is 80% easy volume — keep it conversational. Log the week's wins.
A12: 8 | B12: 2 | C12: 46202 | D12: Monday | E12: Chest + Biceps | F12: Barbell bench press 5x5. Incline DB press, Weighted dip, Cable fly, EZ-bar curl, Incline DB curl, Cable curl 4x10-12. | G12: Zone 2 Cycle 40 min @ 122-163W | H12: Easy | I12: Thoracic opener + pec stretch, 10 min | J12: 5 min box breathing | K12: Hotel: DB press + DB curls. No gym: deep push-ups, band curls, slow tempo. | L12: Progression week. Bench 5x5 at RPE 7-8 (2 RIR); accessories 4x10-12. Cycle is true Zone 2 recovery — nose-breathing only.
A13: 9 | B13: 2 | C13: 46203 | D13: Tuesday | E13: Back + Triceps | F13: Weighted pull-up 5x5. Barbell row, Lat pulldown, Face pull, Close-grip bench, Rope pushdown, Overhead extension 4x10-12. | G13: VO2 Bike 5x3min @ 231-261W / 3min easy | H13: Hard | I13: Lat + lower-back decompression, 10 min | J13: 5 min gratitude journaling | K13: Hotel: DB row + bench dips. No gym: doorway rows, band pulldown, diamond push-ups. | L13: Progression. Pulls 5x5 at RPE 7-8 (2 RIR). Fully recover between VO2 reps so you hit the watts every interval.
A14: 10 | B14: 2 | C14: 46204 | D14: Wednesday | E14: Legs Volume | F14: Back squat 5x5. Leg press, Walking lunge, Leg curl, Calf raise 4x10-12. | G14: Easy Run 30 min conversational (Zone 2) | H14: Easy | I14: Hip flexor + ankle mobility, 10 min | J14: 5 min body scan | K14: Hotel: goblet squat + DB lunge. No gym: Bulgarian split squat, step-ups, tempo squats. | L14: Progression. Squat 5x5 at RPE 7-8 (2 RIR), accessories 4x10-12. Keep the run genuinely easy to aid leg recovery.
A15: 11 | B15: 2 | C15: 46205 | D15: Thursday | E15: Shoulders | F15: Overhead press 5x5. DB lateral raise, Rear-delt fly, Upright row, Shrug 4x10-12. | G15: Threshold Cycle 2x12min @ 198-228W | H15: Hard | I15: Shoulder CARs + band dislocates, 10 min | J15: 5 min focus meditation | K15: Hotel: DB press + raises. No gym: pike push-ups, band laterals, backpack press. | L15: Progression. OHP 5x5 at RPE 7-8 (2 RIR); strict laterals. Threshold should feel 'comfortably hard', short phrases only.
A16: 12 | B16: 2 | C16: 46206 | D16: Friday | E16: Chest + Back Density | F16: Bench / row superset 5x5. Incline press, Chest-supported row, Cable fly, Lat pulldown 4x10-12. | G16: Hybrid 4 rounds: 40m carry + 12 burpees + 20 lunges | H16: Moderate | I16: Full upper-body flush, 10 min | J16: 5 min intention setting | K16: Hotel: DB density supersets. No gym: push-up/row ladders + loaded carries with bags. | L16: Progression. Minimise rest, chase the pump at RPE 7-8 (2 RIR). Hybrid finisher: carries, burpees, lunges — no rower.
... A186: 182 | B186: 26 | C186: 46376 | D186: Sunday | E186: Arms + Core | F186: Light arms/core 2x12 — the 5km time-trial is today's session (see Endurance). | G186: 5KM TIME-TRIAL: even pace, target 25:00-27:00. The headline test. | H186: Test | I186: Spine + hip flow, 12 min | J186: 10 min reflection / week review | K186: Hotel: DB arms + core circuit. No gym: band curls, dips, planks, long easy run. | L186: 5KM TIME-TRIAL: even pacing, empty the tank. Target sub-27. Log your PBs and celebrate the build.

Sheet Workout Briefs
A1: WORKOUT BRIEFS
A2: The 'why' behind each training day — objective, adaptation, main work, overload, RPE, swaps.
A4: Day | B4: Objective | C4: Adaptation Target | D4: Main Work | E4: Overload Strategy | F4: RPE | G4: Travel Alternative | H4: No-Gym Alternative | I4: Coaching Notes
A5: Mon — Chest + Biceps + Zone 2 | B5: Build pressing strength & arm size while flushing legs with easy aerobic work. | C5: Pec & bicep hypertrophy; mitochondrial density (Zone 2). | D5: Bench, incline DB press, weighted dips, cable fly; EZ curl, incline curl, cable curl. Zone 2 ride 40-60 min. | E5: Add load on bench when 4x6 completed at RPE7; add a set to curls in Week 2. | F5: RPE 7-8 lifts; Zone 2 nose-breathing | G5: Hotel gym: DB bench + DB curls, same sets. | H5: Deep deficit push-ups, band curls, slow 4-sec tempo; brisk Zone 2 walk/jog. | I5: Keep cycle truly easy — it is recovery + base, not a second hard day.
A6: Tue — Back + Triceps + VO2 Bike | B6: Develop vertical & horizontal pulling and drive VO2 max with bike intervals. | C6: Lat/upper-back hypertrophy; VO2 max & anaerobic power. | D6: Weighted pull-ups, barbell row, pulldown, face pull; CG bench, pushdown, OH extension. VO2: 5-6x3min @ 106-120% FTP / 3min easy. | E6: Progress pull-up load or reps; shorten interval recoveries in Peak week. | F6: RPE 8 on lifts; intervals 9/10 hard | G6: Hotel gym: DB row + bench dips; bike intervals on any stationary bike. | H6: Doorway/band rows, diamond push-ups; hill sprint repeats for VO2 stimulus. | I6: Fully recover between VO2 reps so you can hit the watts each interval.
A7: Wed — Legs Volume + Easy Run | B7: Accumulate leg volume for size & work capacity; aerobic run to aid recovery. | C7: Quad/glute hypertrophy; aerobic base & running economy. | D7: Back squat, leg press, walking lunge, leg curl, calf raise (3-4 sets). Easy run 30-50 min conversational. | E7: Add reps before load on squat; build run duration 5 min/week. | F7: RPE 7 lifts; run Zone 2 easy | G7: Hotel gym: goblet squat, DB lunge, leg curl machine. | H7: Bulgarian split squat, step-ups, tempo squats; easy outdoor run. | I7: If legs are smoked, drop run to brisk walk — never skip the easy aerobic stimulus.
A8: Thu — Shoulders + Threshold Cycle | B8: Build round, strong shoulders; raise functional threshold power. | C8: Deltoid hypertrophy; lactate threshold / FTP. | D8: OHP, lateral raise, rear-delt fly, upright row, shrugs. Threshold: 2-3x10-15min @ 91-105% FTP. | E8: Add load to OHP; extend threshold blocks by 2-3 min as fitness rises. | F8: RPE 8 lifts; threshold 'comfortably hard' | G8: Hotel gym: DB press + raises; threshold on stationary bike. | H8: Pike push-ups, band laterals, backpack press; sustained hill tempo on foot. | I8: Threshold should feel hard but controlled — you could speak only in short phrases.
A9: Fri — Chest + Back Density + Hybrid | B9: Pack in pressing & pulling density, then finish with hybrid conditioning. | C9: Upper-body hypertrophy via density; work capacity & grip. | D9: Bench/row supersets, incline press, chest-supported row, fly + pulldown. Finisher: carries, burpees, lunges 12-15 min. | E9: Cut rest periods week to week; add rounds to the hybrid finisher. | F9: RPE 8 density; finisher 'sustainably hard' | G9: Hotel gym: DB density supersets + DB carries. | H9: Push-up/row ladders, loaded-bag carries, burpees, walking lunges. | I9: No rower — use carries, burpees and lunges for the conditioning stimulus.
A10: Sat — Legs + Posterior Chain + Long Ride | B10: Train the posterior chain heavy, then build aerobic endurance on the bike. | C10: Hamstring/glute/back strength; aerobic endurance & fat oxidation. | D10: Deadlift/RDL, front squat, hip thrust, Nordic curl, back extension. Long ride Zone 2, build to 2-3h. | E10: Add load on deadlift in Progression; add 15-20 min to long ride weekly. | F10: RPE 7-8 lifts; ride Zone 2 endurance | G10: Hotel gym: DB RDL + hip thrust; long stationary ride. | H10: Single-leg RDL, hip bridges, back extensions; long Zone 2 ride or run. | I10: Fuel the long ride (carbs + fluids) — under-fuelling stalls fat loss via overreaching.
A11: Sun — Arms + Core + Long Run | B11: Finish the week with arm pump, core strength and a long aerobic run. | C11: Arm hypertrophy; core stability; aerobic endurance. | D11: Barbell/hammer curl, skullcrusher, pushdown; hanging leg raise, plank, cable crunch, pallof. Long run 60-90 min easy. | E11: Add a set to arms; build long run 5-10 min/week, cap weekly mileage jumps at 10%. | F11: RPE 7 arms/core; run Zone 2 easy | G11: Hotel gym: DB arms + core circuit; long treadmill run. | H11: Band curls, dips, planks, pallof with band; long easy outdoor run. | I11: Long run is 80% of your easy volume — keep it genuinely easy to avoid injury.

Sheet Strength Progression
A1: STRENGTH PROGRESSION
A2: Weekly wave strategy for core lifts + high-volume hypertrophy. 6 blocks x 4 weeks.
A4: CORE LIFTS — WAVE LOADING (% of working max)
B5: Lift | C5: Goal | D5: Wk1 Accumulation | E5: Wk2 Progression | F5: Wk3 Peak | G5: Wk4 Deload | H5: Coaching Cue
B6: Bench Press | C6: Maintain 105kg+ / grow | D6: 4x6 @ 72-75% | E6: 5x5 @ 77-80% | F6: 5x5 @ 82-85% (RPE8) | G6: 3x5 @ 65% | H6: Leg drive, controlled eccentric, full lockout.
B7: Back Squat | C7: Maintain 140kg+ / grow | D7: 4x6 @ 70% | E7: 4x6 @ 75% | F7: 5x5 @ 80% (RPE8) | G7: 3x5 @ 60% | H7: Brace hard, depth below parallel, drive knees out.
B8: Deadlift | C8: Posterior chain strength | D8: 3x5 @ 70% | E8: 4x4 @ 77% | F8: 4x3 @ 85% (RPE8) | G8: 2x5 @ 60% | H8: Neutral spine, push the floor away, lock hips.
B9: Overhead Press | C9: Shoulder strength/size | D9: 4x6 @ 70% | E9: 5x5 @ 75% | F9: 5x4 @ 82% (RPE8) | G9: 3x5 @ 60% | H9: Glutes tight, bar over mid-foot, full lockout.
B10: Weighted Pull-up | C10: Vertical pull strength | D10: 4x6 added load | E10: 4x8 / +load | F10: 5x5 heavy (RPE8) | G10: 3x6 bodyweight | H10: Full hang to chin over bar, control descent.
A12: HIGH-VOLUME HYPERTROPHY (accessory engine)
B13: Pattern | C13: Weekly Sets | D13: Rep Range | E13: Tempo / Method | F13: Progression Rule | G13: Travel Swap | H13: Notes
B14: Horizontal Push | C14: 12-18 | D14: 8-15 | E14: 3-1-1, chase pump | F14: Add set/reps weekly until 18, then +load | G14: DB/Push-up variations | H14: Chest density Fri
B15: Horizontal Pull | C15: 12-18 | D15: 8-15 | E15: Squeeze 1s at peak | F15: Add reps before load | G15: DB row / band row | H15: Back thickness focus
B16: Vertical Push | C16: 9-15 | D16: 8-15 | E16: Strict, no momentum | F16: Progress lateral-raise volume | G16: Pike push-up / band | H16: Cap with deload
B17: Vertical Pull | C17: 9-15 | D17: 6-12 | E17: Full ROM | F17: Add load on weighted pull-up | G17: Band pulldown | H17: Lat width
B18: Quad | C18: 12-18 | D18: 8-20 | E18: Controlled, deep | F18: Reps before load on press/lunge | G18: Split squat / step-up | H18: Volume Wed
B19: Hamstring/Glute | C19: 10-16 | D19: 8-15 | E19: Slow eccentric | F19: Add Nordic reps / hip-thrust load | G19: Single-leg RDL / bridge | H19: Posterior chain Sat
B20: Arms (bi/tri) | C20: 12-20 | D20: 8-15 | E20: Constant tension | F20: Add a set in Wk2, drop in Wk4 | G20: Band curls / dips | H20: Sunday arm day
B21: Core | C21: 10-16 | D21: 8-20 | E21: Anti-rotation focus | F21: Add load/duration weekly | G21: Plank / pallof band | H21: Daily option
B23: Deload weeks: cut strength volume ~40% (drop sets, keep a little intensity). Progressive overload = add a set, a rep, or a small load only where the prior week was completed cleanly.

Sheet Cycling 80-20
A1: CYCLING — 80/20 POLARISED
A2: Power zones anchored to FTP 215W (baseline). ~80% easy Zone 2, ~20% hard.
A4: POWER ZONES @ FTP 215W
B5: Zone | C5: % FTP | D5: Watts @215 | E5: Watts @275 | F5: Feel | G5: Use
B6: Z1 Recovery | C6: 50-55% | D6: 107-118 W | E6: 137-151 W | F6: Spinning, fully easy | G6: Warm-up, cooldown, recovery spins
B7: Z2 Endurance | C7: 56-75% | D7: 120-161 W | E7: 154-206 W | F7: All-day, nose-breathing | G7: Bulk of weekly volume; Mon ride & Sat long ride
B8: Z3 Tempo | C8: 76-90% | D8: 163-193 W | E8: 209-247 W | F8: Steady, working | G8: Sparingly — bridge efforts, sweet spot touches
B9: Z4 Threshold | C9: 91-105% | D9: 195-225 W | E9: 250-288 W | F9: Comfortably hard | G9: Thursday threshold 2-3x10-15min
B10: Z5 VO2 Max | C10: 106-120% | D10: 227-258 W | E10: 291-330 W | F10: Hard, breathless | G10: Tuesday VO2 5-6x3min
B11: Z6 Anaerobic | C11: 121-150% | D11: 260-322 W | E11: 332-412 W | F11: Sprint / max | G11: Short neuromuscular bursts only
A13: KEY SESSIONS
B14: Session | C14: Day | D14: Structure | E14: Target Zone | F14: Duration | G14: Progression
B15: Zone 2 Base | C15: Mon | D15: Steady aerobic, hold watts, cadence 85-95 | E15: Z2 120-161W | F15: 40-75 min | G15: Add 5-10 min/week
B16: VO2 Max | C16: Tue | D16: 5-6 x 3 min hard / 3 min easy | E16: Z5 228-258W | F16: 45-60 min | G16: Add a rep or trim recovery
B17: Threshold | C17: Thu | D17: 2-3 x 10-15 min | E17: Z4 196-226W | F17: 50-70 min | G17: Extend interval length
B18: Long Ride | C18: Sat | D18: Continuous endurance, fuel hourly | E18: Z2 120-161W | F18: 90-180 min | G18: Add 15-20 min/week
B20: 80/20 rule: ~80% of weekly riding time in Zone 2, ~20% in Z4-Z5. As FTP rises through the block, re-test every 4 weeks and recompute zones (watts in the '@275' column show the end-state targets).

Sheet Running 80-20
A1: RUNNING — 80/20 + INJURY-PROOFING
A2: Build to a sub-27 5km. ~80% easy, ~20% quality. Cap mileage jumps at 10%/week.
A4: RUN TYPES
B5: Type | C5: % Volume | D5: Purpose | E5: Pace / Effort | F5: Day | G5: Progression
B6: Easy | C6: ~70% | D6: Aerobic base, recovery, economy | E6: Conversational, Zone 2 | F6: Wed | G6: Add 5 min/week; keep it truly easy
B7: Long | C7: ~15% | D7: Endurance, fat oxidation, durability | E7: Easy-steady Zone 2 | F7: Sun | G7: Add 5-10 min/week, cap +10% total
B8: Tempo | C8: ~8% | D8: Lactate threshold, sustained speed | E8: Comfortably hard | F8: rotate | G8: Extend from 2x8 to 1x25 min
B9: Speed / VO2 | C9: ~7% | D9: Top-end speed, VO2 max, 5km pace | E9: Hard intervals | F9: rotate | G9: 400/800m reps; add reps weekly
A11: 5KM PROGRESSION (target by block)
B12: Block | C12: Weeks | D12: 5km Target | E12: Focus
B13: Block 1 | C13: 1-4 | D13: 31:13 | E13: Aerobic base, form drills
B14: Block 2 | C14: 5-8 | D14: 30:10 | E14: Easy volume up, light strides
B15: Block 3 | C15: 9-12 | D15: 29:08 | E15: Tempo introduction
B16: Block 4 | C16: 13-16 | D16: 28:05 | E16: Threshold blocks
B17: Block 5 | C17: 17-20 | D17: 27:03 | E17: VO2 / 5km-pace reps
B18: Block 6 | C18: 21-24 | D18: 26:00 | E18: Sharpen & test sub-27
A20: INJURY-RISK GUIDANCE
B21: • Hold the 10% rule: never raise total weekly running volume by more than ~10% week to week.
B22: • Keep 80% of runs genuinely easy — most running injuries come from too much intensity, too soon.
B23: • Run on legs that are recovered: if HRV is down or recovery <5/10, swap quality for easy or rest.
B24: • Strength work (Wed legs, Sat posterior chain) is injury insurance — do not skip it on heavy run weeks.
B25: • Rotate two pairs of shoes, replace every ~600-800km, and prioritise calf/Achilles & hip mobility.
B26: • Any sharp or escalating pain = stop. Substitute cycling/swim and reassess; never run through it.

Sheet Hybrid System
A1: HYBRID SYSTEM
A2: Carries, kettlebells, conditioning circuits & hybrid simulation. No rower required.
A4: LOADED CARRIES
B5: Carry | C5: How | D5: Load | E5: Distance / Time | F5: Adaptation
B6: Farmer's Carry | C6: DBs/KBs/handles at sides, tall posture | D6: Heavy | E6: 4 x 40m | F6: Grip, traps, core, work capacity
B7: Front Rack Carry | C7: KBs/DBs racked at shoulders, brace | D7: Moderate | E7: 4 x 30m | F7: Core stability, upper-back, breathing
B8: Suitcase Carry | C8: One-side load, resist lean | D8: Moderate | E8: 3 x 30m/side | F8: Anti-lateral-flexion core, obliques
B9: Overhead Carry | C9: DB/KB locked overhead | D9: Light | E9: 3 x 20m/side | F9: Shoulder stability, midline
B10: Sandbag/Bag Carry | C10: Bear hug a bag or backpack | D10: Heavy | E10: 4 x 40m | F10: Travel-proof full-body carry
A12: KETTLEBELL & CONDITIONING CIRCUITS
B13: Circuit | C13: Movements | D13: Format | E13: Duration | F13: Notes
B14: KB Strength-Cardio | C14: Swing, goblet squat, clean & press, snatch | D14: EMOM / 40:20 | E14: 12-16 min | F14: Hinge power + conditioning, no rower needed
B15: Hybrid Finisher (Fri) | C15: Carries, burpees, walking lunges | D15: 3-4 rounds | E15: 12-15 min | F15: Sustainably hard; the week's signature conditioning
B16: Bodyweight Burner | C16: Burpees, push-ups, air squats, mtn climbers | D16: AMRAP | E16: 10-12 min | F16: No-gym / hotel-room option
B17: Tabata Intervals | C17: Pick 1-2 moves (KB swing / burpee) | D17: 20:10 x 8 | E17: 4-8 min | F17: Short, sharp metabolic hit
B18: Stair / Hill Repeats | C18: Carry or sprint stairs/hills | D18: 8-12 reps | E18: 15-20 min | F18: Loaded carries up, easy walk down
A20: HYBRID SIMULATION (test your engine)
B21: Every 4 weeks, run a hybrid test to track work capacity: • Strength-endurance: 5 rounds of 10 KB swings + 10 push-ups + 40m farmer carry for time. • Engine: 20 min AMRAP — 200m run / 8 burpees / 12 walking lunges. • Log total rounds / time and compare each block. No rower — running, carries and burpees cover conditioning.

Sheet Travel Playbook
A1: TRAVEL PLAYBOOK
A2: Never miss a session. Full gym, hotel gym, no gym — plus fatigue substitutions.
B4: Training Day | C4: Full Gym | D4: Hotel Gym | E4: No Gym / Room
B5: Mon — Chest+Bi+Z2 | C5: Barbell bench, dips, cable fly, EZ curls + Zone 2 bike | D5: DB bench/incline, DB curls + stationary bike Zone 2 | E5: Deficit push-ups, band curls, tempo work + brisk Zone 2 walk/jog
B6: Tue — Back+Tri+VO2 | C6: Weighted pull-ups, rows, pushdowns + bike VO2 intervals | D6: DB rows, bench dips + bike intervals | E6: Doorway/band rows, diamond push-ups + hill sprint repeats
B7: Wed — Legs+Easy Run | C7: Squat, leg press, lunge, curl + easy run | D7: Goblet squat, DB lunge, leg curl + treadmill easy run | E7: Bulgarian split squat, step-ups, tempo squats + outdoor easy run
B8: Thu — Shoulders+Thresh | C8: OHP, laterals, rear delts + bike threshold | D8: DB press & raises + bike threshold | E8: Pike push-ups, band laterals, backpack press + hill tempo
B9: Fri — Density+Hybrid | C9: Bench/row supersets + carries/burpees/lunges | D9: DB density supersets + DB carries/burpees | E9: Push-up/row ladders + bag carries, burpees, lunges
B10: Sat — Legs PC+Long Ride | C10: Deadlift/RDL, hip thrust, Nordic + long ride | D10: DB RDL, hip thrust + long stationary ride | E10: Single-leg RDL, hip bridges + long Zone 2 ride or run
B11: Sun — Arms+Core+Long Run | C11: Curls, extensions, core + long run | D11: DB arms + core circuit + treadmill long run | E11: Band curls, dips, planks + long easy outdoor run
A13: FATIGUE SUBSTITUTIONS (recovery <5/10 or HRV down)
B14: Situation | C14: Swap To | D14: Why | E14: Keep
B15: Very low recovery | C15: Mobility + 20-30 min Zone 2 walk | D15: Protect the nervous system | E15: Sleep, hydration, protein
B16: Poor sleep (<6h) | C16: Drop top sets, cut volume 30-40% | D16: Avoid injury & junk fatigue | E16: Technique & easy aerobic
B17: Travel / jet-lag | C17: No-gym bodyweight + carries | D17: Maintain habit & stimulus | E17: Daily mobility & light
B18: Niggle / minor pain | C18: Swap painful pattern for pain-free | D18: Train around, not through | E18: Unaffected movements
B19: Sickness | C19: Rest or gentle walk only | D19: Recover fully before loading | E19: Hydration & sleep

Sheet Exercise Library
A1: EXERCISE LIBRARY
A2: Every movement, its purpose, gym/hotel/no-gym equivalents and progression rule.
B4: Exercise | C4: Purpose | D4: Full Gym | E4: Hotel Gym | F4: No Gym | G4: Progression Rule
B5: Bench Press | C5: Horizontal press strength/size | D5: Barbell bench | E5: DB bench press | F5: Deficit push-up | G5: +2.5kg when 4x6 @ RPE7
B6: Incline DB Press | C6: Upper chest | D6: Incline DB press | E6: Incline DB press | F6: Feet-elevated push-up | G6: Add reps then load
B7: Weighted Dip | C7: Lower chest, triceps | D7: Dip belt | E7: Bench dip + pause | F7: Chair/parallel dips | G7: Add load weekly
B8: Cable Fly | C8: Chest isolation/pump | D8: Cable fly | E8: DB fly | F8: Band fly | G8: Add reps, constant tension
B9: Pull-up | C9: Vertical pull, lats | D9: Weighted pull-up | E9: Assisted/BW pull-up | F9: Doorway/towel row | G9: Add load or reps
B10: Barbell Row | C10: Horizontal pull, back thickness | D10: Barbell row | E10: DB row | F10: Band/backpack row | G10: +load when reps hit top
B11: Lat Pulldown | C11: Vertical pull volume | D11: Lat pulldown | E11: Band pulldown | F11: Band pulldown | G11: Add reps then load
B12: Face Pull | C12: Rear delts, shoulder health | D12: Cable face pull | E12: Band face pull | F12: Band pull-apart | G12: Daily-able, add reps
B13: Overhead Press | C13: Shoulder strength | D13: Barbell OHP | E13: DB press | F13: Backpack press | G13: +2.5kg when 5x5 clean
B14: Lateral Raise | C14: Side delts, width | D14: DB/cable raise | E14: DB raise | F14: Band lateral | G14: Add reps, strict form
B15: Back Squat | C15: Quad/glute strength | D15: Barbell squat | E15: Goblet squat | F15: Bulgarian split squat | G15: Reps before load
... B29: Burpee | C29: Full-body conditioning | D29: Burpee | E29: Burpee | F29: Burpee | G29: Add reps / pace

Sheet Daily Log
A1: DAILY LOG
A2: Editable training log. Dropdowns for completion & RPE. Pulls dates/focus from the plan.
A4: Day | B4: Wk | C4: Date | D4: Weekday | E4: Planned Focus | F4: Completed | G4: RPE | H4: Weight kg | I4: Sleep h | J4: HRV | K4: Mood | L4: Notes
A5: 1 | B5: 1 | C5: 46195 | D5: Monday | E5: Chest + Biceps + Zone 2 Cycle 40 min
A6: 2 | B6: 1 | C6: 46196 | D6: Tuesday | E6: Back + Triceps + VO2 Bike 5x3min
A7: 3 | B7: 1 | C7: 46197 | D7: Wednesday | E7: Legs Volume + Easy Run 30 min
A8: 4 | B8: 1 | C8: 46198 | D8: Thursday | E8: Shoulders + Threshold Cycle 2x10min
A9: 5 | B9: 1 | C9: 46199 | D9: Friday | E9: Chest + Back Density + Hybrid 3 rounds: 40m carry + 12 burpees + 20 lunges
A10: 6 | B10: 1 | C10: 46200 | D10: Saturday | E10: Legs + Posterior Chain + Long Ride 1h30 Zone 2
A11: 7 | B11: 1 | C11: 46201 | D11: Sunday | E11: Arms + Core + Long Run 45 min easy (Zone 2)
A12: 8 | B12: 2 | C12: 46202 | D12: Monday | E12: Chest + Biceps + Zone 2 Cycle 40 min
A13: 9 | B13: 2 | C13: 46203 | D13: Tuesday | E13: Back + Triceps + VO2 Bike 5x3min
A14: 10 | B14: 2 | C14: 46204 | D14: Wednesday | E14: Legs Volume + Easy Run 30 min
A15: 11 | B15: 2 | C15: 46205 | D15: Thursday | E15: Shoulders + Threshold Cycle 2x12min
A16: 12 | B16: 2 | C16: 46206 | D16: Friday | E16: Chest + Back Density + Hybrid 4 rounds: 40m carry + 12 burpees + 20 lunges
... A186: 182 | B186: 26 | C186: 46376 | D186: Sunday | E186: Arms + Core + 5KM TIME-TRIAL: even pace, target 25:00-27:00. The headline test.

Sheet Weekly Coach Review
A1: WEEKLY COACH REVIEW
A2: Fill every Sunday. Track KPIs, compliance & set next-week adjustments. Repeat for 26 weeks.
A4: Wk | B4: Phase | C4: Weight kg | D4: FTP W | E4: Compliance % | F4: Avg RPE | G4: Notes / Adjustments
A5: 1 | B5: Accumulation | E5: =IFERROR((COUNTIF('Daily Log'!F5:F11,"Yes")+COUNTIF('Daily Log'!F5:F11,"Travel Alt"))/COUNTA('Daily Log'!F5:F11),"") | F5: =IFERROR(AVERAGE('Daily Log'!G5:G11),"")
A6: 2 | B6: Progression | E6: =IFERROR((COUNTIF('Daily Log'!F12:F18,"Yes")+COUNTIF('Daily Log'!F12:F18,"Travel Alt"))/COUNTA('Daily Log'!F12:F18),"") | F6: =IFERROR(AVERAGE('Daily Log'!G12:G18),"")
A7: 3 | B7: Peak Volume | E7: =IFERROR((COUNTIF('Daily Log'!F19:F25,"Yes")+COUNTIF('Daily Log'!F19:F25,"Travel Alt"))/COUNTA('Daily Log'!F19:F25),"") | F7: =IFERROR(AVERAGE('Daily Log'!G19:G25),"")
A8: 4 | B8: Deload | E8: =IFERROR((COUNTIF('Daily Log'!F26:F32,"Yes")+COUNTIF('Daily Log'!F26:F32,"Travel Alt"))/COUNTA('Daily Log'!F26:F32),"") | F8: =IFERROR(AVERAGE('Daily Log'!G26:G32),"")
A9: 5 | B9: Accumulation | E9: =IFERROR((COUNTIF('Daily Log'!F33:F39,"Yes")+COUNTIF('Daily Log'!F33:F39,"Travel Alt"))/COUNTA('Daily Log'!F33:F39),"") | F9: =IFERROR(AVERAGE('Daily Log'!G33:G39),"")
A10: 6 | B10: Progression | E10: =IFERROR((COUNTIF('Daily Log'!F40:F46,"Yes")+COUNTIF('Daily Log'!F40:F46,"Travel Alt"))/COUNTA('Daily Log'!F40:F46),"") | F10: =IFERROR(AVERAGE('Daily Log'!G40:G46),"")
A11: 7 | B11: Peak Volume | E11: =IFERROR((COUNTIF('Daily Log'!F47:F53,"Yes")+COUNTIF('Daily Log'!F47:F53,"Travel Alt"))/COUNTA('Daily Log'!F47:F53),"") | F11: =IFERROR(AVERAGE('Daily Log'!G47:G53),"")
A12: 8 | B12: Deload | E12: =IFERROR((COUNTIF('Daily Log'!F54:F60,"Yes")+COUNTIF('Daily Log'!F54:F60,"Travel Alt"))/COUNTA('Daily Log'!F54:F60),"") | F12: =IFERROR(AVERAGE('Daily Log'!G54:G60),"")
A13: 9 | B13: Accumulation | E13: =IFERROR((COUNTIF('Daily Log'!F61:F67,"Yes")+COUNTIF('Daily Log'!F61:F67,"Travel Alt"))/COUNTA('Daily Log'!F61:F67),"") | F13: =IFERROR(AVERAGE('Daily Log'!G61:G67),"")
A14: 10 | B14: Progression | E14: =IFERROR((COUNTIF('Daily Log'!F68:F74,"Yes")+COUNTIF('Daily Log'!F68:F74,"Travel Alt"))/COUNTA('Daily Log'!F68:F74),"") | F14: =IFERROR(AVERAGE('Daily Log'!G68:G74),"")
A15: 11 | B15: Peak Volume | E15: =IFERROR((COUNTIF('Daily Log'!F75:F81,"Yes")+COUNTIF('Daily Log'!F75:F81,"Travel Alt"))/COUNTA('Daily Log'!F75:F81),"") | F15: =IFERROR(AVERAGE('Daily Log'!G75:G81),"")
A16: 12 | B16: Deload | E16: =IFERROR((COUNTIF('Daily Log'!F82:F88,"Yes")+COUNTIF('Daily Log'!F82:F88,"Travel Alt"))/COUNTA('Daily Log'!F82:F88),"") | F16: =IFERROR(AVERAGE('Daily Log'!G82:G88),"")
A17: 13 | B17: Accumulation | E17: =IFERROR((COUNTIF('Daily Log'!F89:F95,"Yes")+COUNTIF('Daily Log'!F89:F95,"Travel Alt"))/COUNTA('Daily Log'!F89:F95),"") | F17: =IFERROR(AVERAGE('Daily Log'!G89:G95),"")
A18: 14 | B18: Progression | E18: =IFERROR((COUNTIF('Daily Log'!F96:F102,"Yes")+COUNTIF('Daily Log'!F96:F102,"Travel Alt"))/COUNTA('Daily Log'!F96:F102),"") | F18: =IFERROR(AVERAGE('Daily Log'!G96:G102),"")
A19: 15 | B19: Peak Volume | E19: =IFERROR((COUNTIF('Daily Log'!F103:F109,"Yes")+COUNTIF('Daily Log'!F103:F109,"Travel Alt"))/COUNTA('Daily Log'!F103:F109),"") | F19: =IFERROR(AVERAGE('Daily Log'!G103:G109),"")
A20: 16 | B20: Deload | E20: =IFERROR((COUNTIF('Daily Log'!F110:F116,"Yes")+COUNTIF('Daily Log'!F110:F116,"Travel Alt"))/COUNTA('Daily Log'!F110:F116),"") | F20: =IFERROR(AVERAGE('Daily Log'!G110:G116),"")
A21: 17 | B21: Accumulation | E21: =IFERROR((COUNTIF('Daily Log'!F117:F123,"Yes")+COUNTIF('Daily Log'!F117:F123,"Travel Alt"))/COUNTA('Daily Log'!F117:F123),"") | F21: =IFERROR(AVERAGE('Daily Log'!G117:G123),"")
A22: 18 | B22: Progression | E22: =IFERROR((COUNTIF('Daily Log'!F124:F130,"Yes")+COUNTIF('Daily Log'!F124:F130,"Travel Alt"))/COUNTA('Daily Log'!F124:F130),"") | F22: =IFERROR(AVERAGE('Daily Log'!G124:G130),"")
A23: 19 | B23: Peak Volume | E23: =IFERROR((COUNTIF('Daily Log'!F131:F137,"Yes")+COUNTIF('Daily Log'!F131:F137,"Travel Alt"))/COUNTA('Daily Log'!F131:F137),"") | F23: =IFERROR(AVERAGE('Daily Log'!G131:G137),"")
A24: 20 | B24: Deload | E24: =IFERROR((COUNTIF('Daily Log'!F138:F144,"Yes")+COUNTIF('Daily Log'!F138:F144,"Travel Alt"))/COUNTA('Daily Log'!F138:F144),"") | F24: =IFERROR(AVERAGE('Daily Log'!G138:G144),"")
A25: 21 | B25: Accumulation | E25: =IFERROR((COUNTIF('Daily Log'!F145:F151,"Yes")+COUNTIF('Daily Log'!F145:F151,"Travel Alt"))/COUNTA('Daily Log'!F145:F151),"") | F25: =IFERROR(AVERAGE('Daily Log'!G145:G151),"")
A26: 22 | B26: Progression | E26: =IFERROR((COUNTIF('Daily Log'!F152:F158,"Yes")+COUNTIF('Daily Log'!F152:F158,"Travel Alt"))/COUNTA('Daily Log'!F152:F158),"") | F26: =IFERROR(AVERAGE('Daily Log'!G152:G158),"")
A27: 23 | B27: Peak Volume | E27: =IFERROR((COUNTIF('Daily Log'!F159:F165,"Yes")+COUNTIF('Daily Log'!F159:F165,"Travel Alt"))/COUNTA('Daily Log'!F159:F165),"") | F27: =IFERROR(AVERAGE('Daily Log'!G159:G165),"")
A28: 24 | B28: Deload | E28: =IFERROR((COUNTIF('Daily Log'!F166:F172,"Yes")+COUNTIF('Daily Log'!F166:F172,"Travel Alt"))/COUNTA('Daily Log'!F166:F172),"") | F28: =IFERROR(AVERAGE('Daily Log'!G166:G172),"")
A29: 25 | B29: Taper | E29: =IFERROR((COUNTIF('Daily Log'!F173:F179,"Yes")+COUNTIF('Daily Log'!F173:F179,"Travel Alt"))/COUNTA('Daily Log'!F173:F179),"") | F29: =IFERROR(AVERAGE('Daily Log'!G173:G179),"")
A30: 26 | B30: Test & Lock | E30: =IFERROR((COUNTIF('Daily Log'!F180:F186,"Yes")+COUNTIF('Daily Log'!F180:F186,"Travel Alt"))/COUNTA('Daily Log'!F180:F186),"") | F30: =IFERROR(AVERAGE('Daily Log'!G180:G186),"")
A32: WEEKLY REVIEW PROMPTS
B33: • Did I hit 90%+ of planned sessions? If not, what got in the way and how do I fix it?
B34: • Are the core lifts progressing (set / rep / load) without RPE creeping past the cap?
B35: • Is the 80/20 split holding — most easy, a little hard? Or am I drifting into grey-zone training?
B36: • How is recovery trending (sleep, HRV, resting HR, mood)? Do I need an early deload?
B37: • Weight & FTP vs roadmap target — ahead, on track, or behind? One adjustment for next week.

Sheet Claude Code Prompt
A1: CLAUDE CODE PROMPT
A2: The exact brief used to generate this workbook.
B4: Claude Code Prompt — Project 85 CEO Athlete System
B6: You are Claude Code. Build a production-quality Excel workbook named `Project85_CEO_Athlete_System.xlsx`.
B8: Create a 24-week hybrid athlete coaching workbook starting Monday 2026-06-22 for Barrie Davies (Bdog).
B10: ## Baseline and Targets
B11: - Weight: 100kg -> 85kg
B12: - FTP: 215W -> 275W
B13: - VO2 Max: 41 -> 50+
B14: - 5km: 32:00 -> 25:00-27:00
B15: - Bench: 105kg, maintain 105kg+
B16: - Squat: 140kg, maintain 140kg+
B18: ## Training Philosophy
B19: - Progressive overload for strength and hypertrophy.
... B71: - Daily Plan and Daily Log now run 182 days; dashboard & coach review extended to 26 weeks.
